{"cameraMode":{"drawMode":0,"name":"Shaded","section":"Shading Mode"},"sceneLighting":false,"audioPlay":false,"sceneViewState":{"m_AlwaysRefresh":false,"showFog":true,"showSkybox":false,"showFlares":true,"showImageEffects":true,"showParticleSystems":true,"showVisualEffectGraphs":true,"m_FxEnabled":true},"in2DMode":false,"pivot":{"x":0.5973830223083496,"y":1.1957329511642457,"z":-2.9390900135040285},"rotation":{"x":0.3670518100261688,"y":0.017839647829532625,"z":-0.00705900602042675,"w":0.9300374984741211},"size":6.5688862800598148,"orthographic":true}