{"cameraMode":{"drawMode":0,"name":"Shaded","section":"Shading Mode"},"sceneLighting":false,"audioPlay":false,"sceneViewState":{"m_AlwaysRefresh":false,"showFog":true,"showSkybox":true,"showFlares":true,"showImageEffects":true,"showParticleSystems":true,"showVisualEffectGraphs":true,"m_FxEnabled":false},"in2DMode":false,"pivot":{"x":1.1989827156066895,"y":1.5000076293945313,"z":-5.9083099365234379},"rotation":{"x":0.4357264041900635,"y":0.013500267639756203,"z":-0.006536843720823526,"w":0.8999575972557068},"size":70.42145538330078,"orthographic":true}