{"cameraMode":{"drawMode":0,"name":"Shaded","section":"Shading Mode"},"sceneLighting":false,"audioPlay":false,"sceneViewState":{"m_AlwaysRefresh":false,"showFog":true,"showSkybox":false,"showFlares":true,"showImageEffects":true,"showParticleSystems":true,"showVisualEffectGraphs":true,"m_FxEnabled":false},"in2DMode":false,"pivot":{"x":6.559999942779541,"y":1.0999999046325684,"z":17.950000762939454},"rotation":{"x":0.42385217547416689,"y":0.12031835317611695,"z":-0.05692329630255699,"w":0.8959012031555176},"size":1.2247447967529297,"orthographic":true}